Workbook

Sheet Clips
A1: clip_id | B1: filename | C1: width | D1: height | E1: fps | F1: frame_count | G1: duration_s | H1: delivery_segment_start_frame | I1: delivery_segment_end_frame | J1: ball_release_frame_approx | K1: camera_locked_off | L1: status | M1: notes
A2: C1 | B2: f81d092b6117be1126e0d6be97220b3f9a2870eb.mp4 | C2: 1920 | D2: 1080 | E2: 25 | F2: 813 | G2: 32.52 | K2: Yes | L2: problem clip | M2: First camera cut ends before ball release; second segment starts after the shot is already played. Neither obvious segment cleanly brackets the ball flight - unresolved.
A3: C2 | B3: 9ef5c0e6e68a01d5435499bc0527c04386e527fc.mp4 | C3: 1280 | D3: 720 | E3: 30 | F3: 1260 | G3: 42 | K3: Not yet checked | L3: not yet reviewed
A4: C3 | B4: 98e537a2a3555da28ca7eea3227babb61df228d1.mp4 | C4: 1920 | D4: 1080 | E4: 25 | F4: 1295 | G4: 51.8 | K4: Not yet checked | L4: not yet reviewed
A5: C4 | B5: 6a79fbe0fd6792126c69087568f7f08318dcf449.mp4 | C5: 1920 | D5: 1080 | E5: 25 | F5: 543 | G5: 21.72 | K5: No (11.9/2.1px shift, scale 1.0114) | L5: not yet reviewed
A6: C5 | B6: bad1530d039b7146a8ce4a1b1a6b29502c3c9491.mp4 | C6: 1920 | D6: 1080 | E6: 25 | F6: 556 | G6: 22.24 | H6: 42 | I6: 139 | J6: 74 | K6: Yes (0.0px shift, scale 1.0000) | L6: confirmed clean example | M6: Segment 42-139 shows full delivery view (both stumps + pitch). Ball visible in flight from ~frame 74 (bball_8.jpg) just after release.

Sheet Ground_Truth
A1: clip_id | B1: video_url | C1: kph | D1: release_y | E1: release_z | F1: bounce_x | G1: bounce_y | H1: impact_x | I1: impact_y | J1: impact_z | K1: interception_distance | L1: stump_y | M1: stump_z | N1: swing_angle | O1: deviation | P1: runs | Q1: wickets
A2: C1 | B2: https://scoredata.me/cricket/f81d092b6117be1126e0d6be97220b3f9a2870eb.mp4 | C2: 138.58 | D2: -0.594 | E2: 2.173 | F2: 8.177 | G2: -0.295 | H2: 2.017 | I2: -0.124 | J2: 0.788 | K2: 6.16 | L2: -0.074 | M2: 0.964 | N2: 0.33 | O2: -0.09 | P2: 1 | Q2: 0
A3: C2 | B3: https://scoredata.me/cricket/9ef5c0e6e68a01d5435499bc0527c04386e527fc.mp4 | C3: 127.96 | D3: -0.646 | E3: 1.816 | F3: 13.284 | G3: -0.714 | L3: -0.554 | M3: 2.046 | N3: -0.62 | O3: 1.06 | P3: 0 | Q3: 0
A4: C3 | B4: https://scoredata.me/cricket/98e537a2a3555da28ca7eea3227babb61df228d1.mp4 | C4: 114.18 | D4: -0.706 | E4: 2.075 | F4: 5.286 | G4: -0.215 | H4: 2.094 | I4: -0.049 | J4: 0.448 | K4: 3.192 | L4: 0.059 | M4: 0.64 | N4: -1.01 | O4: 1.51 | P4: 0 | Q4: 0
A5: C4 | B5: https://scoredata.me/cricket/6a79fbe0fd6792126c69087568f7f08318dcf449.mp4 | C5: 136.69 | D5: -0.57 | E5: 2.161 | F5: 2.258 | G5: -0.36 | H5: 0.826 | I5: -0.335 | J5: 0.187 | K5: 1.433 | L5: -0.32 | M5: 0.265 | N5: -0.16 | O5: 0.45 | P5: 1 | Q5: 0
A6: C5 | B6: https://scoredata.me/cricket/bad1530d039b7146a8ce4a1b1a6b29502c3c9491.mp4 | C6: 138.82 | D6: -0.596 | E6: 2.158 | F6: 3.142 | G6: -0.33 | L6: -0.279 | M6: 0.292 | N6: 0 | O6: 0.04 | P6: 0 | Q6: 0
A8: Source: https://console.scorestudio.ai/starter-packs/cricket-balltrack/examples.json (official Score Studio example answer key, fetched 2026-09).

Sheet Bounce_X_Method
A1: First real, non-answer-key method for bounce_x (the single most valuable field, 19% of score)
A3: How it works:
A4: 1. We know the bowling crease line is a fixed, law-defined 18.9m from the batter's stumps - found and measured directly in the footage (a real painted line, not a guess).
A5: 2. Watch the clip and note the exact frame the ball leaves the bowler's hand, and the exact frame it bounces (its lowest point) - both directly observable, no answer key needed.
A6: 3. Speed x time-in-the-air = how far the ball travelled before hitting the ground.
A7: 4. 18.9m minus that distance = where it pitches (bounce_x).
A9: clip | B9: speed used | C9: predicted bounce_x (m) | D9: true bounce_x (m) | E9: error | F9: note
A10: C4 | B10: true speed (136.69 kph) | C10: 2.193 | D10: 2.258 | E10: 6.5cm | F10: best case
A11: C4 | B11: speed-gun graphic on screen (136.5 kph) | C11: 2.217 | D11: 2.258 | E11: 4.1cm | F11: not cheating - read off the broadcast, not the answer sheet
A12: C4 | B12: our own earlier timing-based speed guess (129.3 kph) | C12: 3.097 | D12: 2.258 | E12: 83.9cm | F12: shows how much a ~5% speed error alone wrecks this - speed accuracy matters enormously here
A13: C5 | B13: true speed (138.82 kph) | C13: 3.476 | D13: 3.142 | E13: 33.4cm | F13: same method, second clip - still a huge improvement on guessing, less tight than C4
A15: Bottom line: this is the first working, non-answer-key method we have for bounce_x - a real breakthrough for the single most valuable field in the whole scoring system. But the accuracy is extremely sensitive to getting the ball's speed right - a 5% speed error turned a 6cm answer into an 84cm one on C4. So tightening our own speed calculation (for when the on-screen speed graphic isn't shown) is now just as important as this method itself, not a separate task. Also worth flagging: the 'release is 18.9m from the batter's stumps' number is one fixed value used for both clips here - back-solving what each clip's own numbers imply gives 18.96m for C4 and 18.57m for C5, so there's some genuine bowler-to-bowler variation in exactly where the ball leaves the hand relative to the crease, which is part of why C5 isn't as tight as C4.

Sheet Other_3_Clips_Attempt
A1: Tried running the ball-detector on the 3 clips we hadn't touched yet - found a real, important limitation
A3: What we found:
A4: Everything we've built so far (calibration, swing/deviation, bounce_x method) was built around one specific camera view - the tight 'straight down the pitch from behind the bowler' shot that both C4 and C5 happen to use. It's a great angle for tracking: the ball travels roughly down the middle of the picture, nice and big.
A5: The 3 remaining clips use completely different camera work. Scanning through them with the ball-detector, we found: a very wide, full-ground side-on shot (bowler top-left, batsman bottom-right, tiny ball) for one clip; and for another, a sequence of close-up cutaways, slow-motion replays, and player reaction shots edited together, with the actual ball only flying clearly into view for a couple of seconds total in the whole clip - and for the wrong ball in the over at that (we found a replay of an earlier ball in the same over, not the specific delivery the answer key is asking about).
A7: clip | B7: true bounce_x / kph | C7: camera style found | D7: status
A8: f81d092b (good length) | B8: 8.177m / 138.58 kph | C8: wide, full-ground side-on shot - different geometry to C4/C5, needs its own fresh calibration | D8: found the right delivery's rough location, camera type identified
A9: 9ef5c0e6 (last ball of the over) | B9: 13.284m / 127.96 kph | C9: heavily edited highlight package - found the ball clearly for an earlier ball in the same over, not this exact one | D9: correct delivery not pinned down yet
A10: 98e537a2 (full-ish length) | B10: 5.286m / 114.18 kph | C10: wide, full-ground side-on shot, same style as f81d092b | D10: camera type identified, tracking not yet built
A12: Why this matters more than it might sound:
A13: This isn't a small bug - it's a real, honest limit on what we've built. Our whole pipeline (camera calibration, the stump/release/bounce maths, all of it) silently assumes the 'straight down the pitch' camera. Feed it a different camera angle and none of that maths applies - we'd need to build a fresh calibration for every different camera style a broadcast uses, and first automatically figure out which shot is even the right one to look at, out of many cuts in a highlights package.
A14: The real Score Vision subnet will almost certainly throw all sorts of camera angles at us, since it's pulling from real match footage, not a curated set. So this is worth knowing now rather than being surprised by it later: our current pipeline is proven on one common angle, not camera-angle-general yet.
A16: Bottom line: not giving up on these 3 clips, but being honest that finishing them isn't 'run the same script again' - it's real new work (a second camera-geometry calibration, and a way to automatically find the right delivery inside an edited package). Recommending we treat that as its own next project phase rather than something to rush through, and in the meantime keep our score estimate honestly labelled as 'proven on 2 of 5 clips, one camera style' rather than implying it generalises yet.
A18: UPDATE: retrained the ball-detector specifically to fix this - tested it on real footage, here's the honest result
A20: What we did:
A21: Retrained the ball-detector on YOLO26 (a newer detection model) using a bigger, combined dataset (~7,000 images), specifically hoping it would get better at spotting a tiny, distant ball in a wide shot like the two above (f81d092b and 98e537a2). Once trained, tested it directly against real frames from both of those exact clips, comparing it to our old detector.
A23: clip | B23: old detector hit-rate (sample frames) | C23: new detector hit-rate (sample frames) | D23: visual check on real frames
A24: f81d092b (full-ground wide shot) | B24: 31/116 | C24: 37/116 | D24: FALSE POSITIVE - box sits on a fixed spot near a boundary fielder, in frames from before the ball was even bowled. Not a real ball detection.
A25: 98e537a2 (pitch-focused wide shot) | B25: 45/148 | C25: 58/148 | D25: Genuine - box lands right at the stumps/popping crease, where a just-bowled ball should be.
A27: Honest verdict:
A28: The raw hit-rate numbers look like an improvement on both clips, but that's misleading on its own - so we pulled actual annotated sample frames and looked at where the boxes really landed. On 98e537a2, the detections are real: the box sits right where the ball should be. On f81d092b - the harder, more extreme full-ground wide shot, which is the actual case this retraining was meant to fix - the detections are a false positive, not a real fix. The model has locked onto a fixed spot near a fielder rather than actually tracking the ball.
A29: Likely reason: the training data was two general-purpose ball-tracking datasets combined, not specifically curated with lots of examples of this extreme full-ground camera angle - so the model probably just never saw enough real examples of 'tiny ball on a huge green field' to learn it reliably.
A31: Bottom line: not chasing a new camera calibration for the wide angle yet (see Section 4/10 of the handoff notes) - that would be built on a detector that still isn't reliably finding the ball there. Keeping this as an honestly documented, tested limitation. If revisited later, the right next move isn't more training rounds on the same data - it's specifically sourcing or labelling more full-ground wide-shot examples with the ball actually visible.

Sheet Calibration_Upgrade_Attempt
A1: Tried to improve calibration precision (idea borrowed from a real Basque Pelota ball-tracking paper) - it made things worse, not better
A3: Where the idea came from:
A4: Santhosh shared a real, patented ball-bounce-tracking system used on live Basque Pelota TV broadcasts (Labayen et al., Vicomtech). Their big advantage over us: they calibrate their camera properly using a checkerboard pattern laid on the court before the match, giving a precise, well-anchored map from pixels to real-world position. That's why they get accuracy of a few millimetres even 9 metres from the camera - much tighter than the wobble we've been fighting.
A5: We can't lay down a checkerboard on footage that's already been filmed, but the lesson still applies: our calibration is only as good as the reference points we feed it. We were using 3 points (stump base, release, bounce). We tried adding a 4th - the height of the stumps themselves (base to top, a known 0.711m) - to also correct for how height above the ground shifts a point sideways in the picture, which our first calibration completely ignored.
A7: version | B7: swing_angle result (C4) | C7: true value | D7: verdict
A8: 3-point calibration (release, bounce, stump base) - no height correction | B8: +0.02° | C8: -0.16° | D8: closest so far - kept as our current best
A9: 4-point calibration (added stump top/height) - attempted upgrade | B9: +0.29° | C9: -0.16° | D9: worse - rejected, not used
A11: Why it backfired:
A12: The stumps are only about 12 pixels tall in our footage (0.711m of real height squeezed into a tiny span on screen), compared to well over 100 pixels for the release-to-bounce distances we already use. Measuring something over such a short pixel span is like trying to time a race with a stopwatch that only ticks once a second - a single pixel of measurement wobble turns into a huge swing in the answer. Adding this point didn't sharpen the calibration, it poisoned it with a noisy new number.
A13: We also went looking for the crease lines painted on the pitch (a wider, more reliable reference, like the Pelota paper effectively uses) as a better alternative to the stump height. No luck - in our footage the crease markings are too faint/worn to pin down precisely, and in one search we mostly found a bowler's discarded cap lying on the pitch instead of a painted line.
A15: Bottom line: kept the original 3-point calibration (it's still our best result) and did NOT adopt this 4-point version. The real takeaway from the Pelota paper stands as a concept - better reference points would genuinely help - but standard broadcast cricket footage doesn't hand us a good enough extra landmark to act on that concept right now, at least not with manual pixel-reading. Getting further here would need either sharper source video or a properly surveyed camera set-up, neither of which we have for these 5 example clips. Recommend moving on from chasing more swing_angle/deviation precision and instead spending effort on the 3 untested clips, where the automatic ball-detector can do the frame-by-frame tracking work for bounce_x and kph (35% of the score, vs 18% for swing_angle+deviation combined) without more manual pixel-hunting.

Sheet Dense_Tracking_Swing
A1: Second attempt at swing_angle/deviation - now using the trained ball-detector's frame-by-frame tracking instead of just 2 points
A3: What changed since the last attempt:
A4: Last time (see Swing_Deviation_Attempt sheet) we only had 2 points to work with - where the ball is released, and where it bounces - so all we could draw was one straight line between them. That line shows the AVERAGE direction the ball travelled, not which way it was actually pointing right at the moment it bounced.
A5: Now that we have a trained ball-detector, we can see the ball in almost every single frame between release and bounce (10-12 frames, not just 2). That means instead of one long straight line, we can look at just the last few frames right before the bounce and draw a much shorter line - this shows the ball's real direction right at the moment it lands, not the average over the whole flight.
A7: SWING_ANGLE - comparing direction near release vs direction near the bounce:
A8: clip | B8: old method (1 line, whole flight) | C8: new method (direction near release vs near bounce) | D8: true value | E8: verdict
A9: C4 | B9: +0.72° | C9: +0.02° | D9: -0.16° | E9: much closer to zero than before, but still wrong sign - true swing here is smaller than our measurement noise
A10: C5 | B10: +0.97° | C10: -0.03° | D10: 0.00° | E10: big improvement - correctly reads as basically no swing, matching this ball which really did fly dead straight
A12: Honest read: the new method is clearly better - it no longer cries 'big swing!' on a ball that flew perfectly straight (C5), which the old method did. But on the one ball that genuinely swings (C4), we still can't recover the right number. The real swing on C4 is tiny (-0.16 degrees) over a 15-16 metre flight - that's a sideways bend of only about 4-5 centimetres, total, over the whole distance. Our pixel-reading and camera calibration have some natural wobble that's roughly the same size as that 4-5cm bend, so the true signal gets buried in our own measurement noise. It's not that the method is wrong - it's that we'd need sharper measurements (better calibration points, more decimal places of pixel precision) to reliably see a curve this small.
A14: DEVIATION - tried to extend the same idea to after the bounce, and it backfired:
A15: Tried the same trick for deviation: track the ball for a few frames AFTER the bounce too, and compare that direction to the direction just before the bounce. Problem: to convert those after-bounce frames into a real sideways distance, we need to know how far forward (towards the batsman) the ball has travelled each frame - and the only number we have for the ball's after-bounce speed is the 'how much speed does it keep after hitting the pitch' estimate from the Speed_Method sheet, which we already flagged as unreliable (47% on one ball, 28% on the other - not consistent).
A16: Result of actually trying it: for C5, this gave a deviation of about -4 degrees, when the true answer is 0.04 degrees - roughly 100 times too big. Using a shaky number to build another number just multiplies the error. This approach for deviation does not work and we are not using it.
A17: What we ARE keeping for deviation: the simpler method from the last attempt (a straight line from bounce to the stumps/bat, compared against the straight line from release to bounce). It doesn't need any guess about after-bounce speed at all - it just uses the bounce point and the final stump point, both of which we already know. That one actually worked well on the straight ball (0.037 vs true 0.04) and poorly on the swinging ball (-0.28 vs true 0.45, same root cause as swing_angle above - the true bend is too small to see over the noise). So: no change to deviation from the last attempt; the new tracking data only ended up helping swing_angle, not deviation.
A19: Bottom line: the new ball-tracking model is a genuine step up for swing_angle - it now correctly tells a straight ball from a swinging one instead of guessing 'swing' on everything, even though it still can't measure a small real swing precisely on broadcast-quality video. Deviation is unchanged - our attempt to improve it using the same dense-tracking idea made things worse, not better, so we're keeping the older, simpler bounce-to-stumps method for that field instead.

Sheet Swing_Deviation_Attempt
A1: First attempt at swing_angle + deviation - correcting an earlier over-claim that these were 'free points'
A3: What we said before vs what actually happened:
A4: Earlier we said swing_angle and deviation were basically free - that we already had every number the formula needs (release point, bounce point, stump/impact point). Actually tried it now, and that was wrong. The simple version of the calc only works for a ball that flies dead straight - it breaks for a ball that actually swings, which is exactly the case we care about most. Owning that up front rather than quietly dropping the earlier claim.
A6: The simple version we tried:
A7: swing_angle = the sideways angle of a straight line from where the ball is released to where it bounces.
A8: deviation = that same pre-bounce angle, compared against the angle of a straight line from the bounce to where it reaches the bat (or the stumps, if it isn't hit) - i.e. how much the line bends at the bounce.
A10: clip | B10: field | C10: our attempt | D10: true value | E10: verdict
A11: C4 | B11: swing_angle | C11: +0.72° | D11: -0.16° | E11: wrong - wrong sign, wrong size
A12: C4 | B12: deviation | C12: -0.28° | D12: +0.45° | E12: wrong - wrong sign, wrong size
A13: C5 | B13: swing_angle | C13: +0.97° | D13: 0.00° | E13: wrong - this ball flew dead straight, ours says it swung a lot
A14: C5 | B14: deviation | C14: +0.037° | D14: +0.04° | E14: spot on - almost exact
A16: Why it worked on one ball but not the other - and what it actually tells us:
A17: Ball 5 truly does fly dead straight (true swing = 0.00) - so a straight line from release to bounce IS the real path, and our calc nailed the deviation almost exactly (0.037 vs 0.04).
A18: Ball 4 genuinely swings in the air (true swing = -0.16, a real curve). For a ball that curves, a straight line drawn between just its start point and its end point does NOT show which way it was pointing right before it hit the pitch - it only shows the average direction over the whole trip. That's the wrong thing to compare against. It's like judging which way a car was steering at the finish line using only its start and finish coordinates, ignoring the bend in the road.
A19: So the real fix isn't a smarter formula - it's tracking one or two extra points: the ball's position a couple of frames BEFORE it bounces (to get the direction it's actually travelling right at the moment of landing), and ideally a point shortly after release too (to get the direction it was actually launched in, before any swing has had time to act). We currently only track the two endpoints (release and bounce), which is enough for bounce_x and bounce_y but not enough for swing and deviation on a ball that curves.
A21: Bottom line: swing_angle and deviation are NOT free points after all - correcting the earlier claim. They need at least one more tracked frame near the bounce (and ideally one near release) to capture the ball's real direction at those moments, not just its two endpoint positions. Real next step: add one or two extra frame-reads to our tracking process (a couple of frames before the bounce is the priority, since deviation only needs that one), then redo this calc.

Sheet Score_Estimate
A1: Rough scorecard as of now - our best honest guess, using the real subnet weights
A3: IMPORTANT CAVEAT:
A4: We don't actually know the exact scoring formula the validator uses (is it strict pass/fail within a tolerance, or does 'closer counts for more' on a sliding scale?). So the numbers below are OUR estimate of how much credit each field probably earns given how close we usually land - not a guaranteed number.
A5: Also based on real testing on only 2 of the 5 example clips for the harder fields (bounce_x, kph) - the other 3 haven't been run through our pipeline yet, so real performance could shift once we do.
A7: field(s) | B7: weight (%) | C7: our credit estimate | D7: points earned | E7: status | F7: why
A8: bounce_x | B8: 19 | C8: 55% | D8: 10.5 | E8: PARTIAL | F8: real working method now (crease + timing + speed) but only tested on 2 clips - nailed one (4-7cm off), rough on the other (33cm off)
A9: kph | B9: 16 | C9: 60% | D9: 9.6 | E9: PARTIAL | F9: great when the speed-gun graphic is shown; own back-up method decent but leans on already having a bounce point
A10: stump_y | B10: 14 | C10: 90% | D10: 12.6 | E10: GOOD | F10: our best, most consistent number - 1-4cm off
A11: deviation | B11: 10 | C11: 20% | D11: 2 | E11: PARTIAL | F11: calc actually built and tested back when swing_angle was (see Swing_Deviation_Attempt / Dense_Tracking_Swing sheets) - this row just wasn't updated to reflect it until now. Spot-on on the ball that flew dead straight (0.037° vs true 0.04°), wrong on the one genuinely swinging ball - same root cause as swing_angle: the true bend is smaller than our pixel/calibration measurement noise
A12: swing_angle | B12: 8 | C12: 20% | D12: 1.6 | E12: PARTIAL | F12: calc now built and tested using the trained detector - correctly reads zero swing on a straight ball, but still wrong on the one genuinely swinging ball we tested (true bend is smaller than our measurement noise)
A13: stump_z | B13: 8 | C13: 45% | D13: 3.6 | E13: PARTIAL | F13: usable but the softest of our working numbers
A14: release_y | B14: 2 | C14: 80% | D14: 1.6 | E14: GOOD | F14: 7-8cm off
A15: release_z | B15: 2 | C15: 0% | D15: 0 | E15: MISSING | F15: never calculated ourselves, only ever used the answer key
A16: bounce_y | B16: 2 | C16: 90% | D16: 1.8 | E16: GOOD | F16: 2-4cm off, very solid
A17: impact_x | B17: 2 | C17: 0% | D17: 0 | E17: MISSING | F17: not attempted - same root problem as bounce_x
A18: impact_y | B18: 2 | C18: 80% | D18: 1.6 | E18: GOOD | F18: 1-4cm off
A19: impact_z | B19: 2 | C19: 45% | D19: 0.9 | E19: PARTIAL | F19: soft, like stump_z
... A25: wickets | B25: 1 | C25: 85% | D25: 0.9 | E25: GOOD | F25: scorecard delta matched exactly on our one test
A26: TOTAL | B26: 100 | D26: =SUM(D8:D25) -> 54.6 | F26: ~55 out of 100, just over half marks
A28: Bottom line: fixed a bookkeeping gap - deviation was actually built and tested at the same time as swing_angle, but this table was never updated to show it, and was wrongly showing it as 0%/not built. With that corrected, our honest guess is about 55 out of 100. Deviation and swing_angle now show the same real, honest pattern: spot-on when a ball flies dead straight, off by a meaningful amount on the one genuinely swinging ball we've tested, because the true swing/deviation on broadcast video is often smaller than our own pixel-and-calibration measurement noise. Separately, we retrained the ball-detector (YOLO26) specifically to fix wide-camera-angle detection - see Other_3_Clips_Attempt for the honest result (a real but modest improvement, not a fix). That hasn't moved any number in this table yet, since bounce_x/kph are still only tested on the 2 clips that use the C4/C5 camera angle. The two biggest remaining opportunities are unchanged: (1) tighten bounce_x and kph by testing on all 5 clips, and (2) improve calibration precision so small real swing/deviation amounts stop getting lost in noise.

Sheet Speed_Method
A1: Working out our OWN bowling speed (not from the on-screen speed-gun) - what we tried, what works, what doesn't
A3: Problem with our old method:
A4: Old method = total distance (18.9m, release to bat) divided by total time (release frame to bat-contact frame).
A5: This blends together TWO very different speeds: the fast pre-bounce flight, and the slower post-bounce hop (the ball loses a big chunk of speed hitting the pitch - that's just physics, not a tracking error).
A6: The more of the total TIME that happens after the bounce, the worse this drags the average down below the true release speed.
A8: clip | B8: method | C8: predicted kph | D8: true kph | E8: diff | F8: note
A9: C4 | B9: OLD: whole flight, release->bat (0.52s total, 15% of that time is after the bounce) | C9: 130.8 | D9: 136.69 | E9: -5.9 | F9: underestimate
A10: C4 | B10: NEW: pre-bounce segment only, release->bounce (0.44s) | C10: 136.2 | D10: 136.69 | E10: -0.5 | F10: much tighter
A11: C5 | B11: OLD: whole flight, release->keeper (0.68s total, 41% of that time is after the bounce) | C11: 100.1 | D11: 138.82 | E11: -38.8 | F11: way off - most of the flight time here was the slow post-bounce crawl to the keeper
A12: C5 | B12: NEW: pre-bounce segment only, release->bounce (0.40s) | C12: 141.8 | D12: 138.82 | E12: +3.0 | F12: much tighter
A14: The catch:
A15: The fix above (only time the ball BEFORE it bounces) is much more accurate - but to know the pre-bounce DISTANCE, we need to already know where it bounces (bounce_x). And bounce_x is exactly the number we're using speed to calculate in the first place. One equation, two unknowns - can't solve both from scratch with nothing else to go on.
A16: So this fix is best used as a SECOND PASS: get a first speed number from wherever we can (true answer, or the on-screen speed-gun graphic when it's shown), use that to get a first bounce_x, then re-time using only the pre-bounce window to sharpen the speed number, then redo bounce_x with the sharper speed. It tightens things up, it doesn't invent a speed number from nothing.
A18: For clips where NO speed number shows up anywhere on screen at all - what then?
A19: Tried one genuinely from-scratch idea: cricket balls lose a fairly consistent chunk of their speed hitting the pitch (it's a known real-world effect - the ball grips and skids). If we knew that 'how much speed is kept after the bounce' number reliably, we could work backward from the total release-to-bat time using gravity/physics alone, no outside speed reading needed.
A20: Checked what that number actually was on our 2 known clips: C4 the ball kept about 47% of its speed after bouncing; C5 it kept about 28%. That's a big difference for what should be a fairly physical constant, which tells us it's not reliable yet - the post-bounce window we're timing is only 2-7 video frames long, so a single frame of rounding error swings the number a lot.
A21: Honest conclusion: this from-scratch idea is a real avenue, but with only 2 clips to check it against and such short post-bounce timing windows, we don't have a trustworthy number yet. Needs either more example clips or a way to time the post-bounce hop more precisely (e.g. slow-motion / higher frame rate) before it can be used as a genuine fallback. Not using it yet - flagging it as unfinished rather than pretending it works.
A23: Bottom line / recommended order for getting a speed number, best to worst: (1) on-screen speed-gun graphic if the broadcast shows one anywhere in the clip - proven accurate, not answer-key reading; (2) our timing method, but re-run using only the pre-bounce window once a first bounce_x guess exists - tight, within a few kph; (3) our old whole-flight timing method as a rough last resort - known to run low, worse the longer the ball sits around after pitching; (4) a pure physics fallback with no speed reading at all is not ready yet - the piece we'd need (typical post-bounce speed retention) isn't measuring consistently enough on just 2 clips to trust.

Sheet Field_Coverage
A1: Santhosh shared the subnet's required output columns - checking them against what we've actually built
A3: their column | B3: what it means | C3: plain-English name we used | D3: where we stand | E3: status
A4: I# / Over / Ball / Overs | B4: which innings/over/ball this delivery is | C4: match bookkeeping | D4: not something you get from ball physics at all - this comes from knowing which delivery in the match you're looking at, not from tracking the ball. Not attempted, not really an 'our model' problem. | E4: N/A
A5: KPH | B5: release speed | C5: bowling speed | D5: rough timing-based estimate only, not checked carefully against all 5 answers yet | E5: PARTIAL
A6: Relʸ | B6: release-point sideways position | C6: release_y | D6: just calculated this - about 7-8cm off the true answer on both balls we tried | E6: GOOD
A7: Relᶻ | B7: release-point height | C7: release_z | D7: not calculated ourselves - we've only ever used the official answer for this number. Genuinely hard: needs a ground-level reference near the bowler's end, which we don't have a good one for yet | E7: MISSING
A8: Bnceˣ | B8: how far down the pitch it bounces | C8: bounce_x / pitch length | D8: THE big gap - currently we only know this by reading the answer key, not from the video itself | E8: MISSING
A9: Bnceʸ | B9: sideways position where it bounces | C9: bounce_y | D9: our best result - within 2-4cm of the true answer | E9: GOOD
A10: Imptˣ | B10: how far down the pitch the ball is when it reaches the bat | C10: impact_x | D10: not attempted at all yet - same underlying problem as Bnceˣ (we can't yet measure distance-down-the-pitch from video alone) | E10: MISSING
A11: Imptʸ | B11: sideways position when it reaches the bat | C11: impact_y / stump_y depending on clip | D11: solid - within 1-4cm on both balls we tracked | E11: GOOD
A12: Imptᶻ | B12: height when it reaches the bat | C12: impact_z | D12: roughly half the error of our first attempt, but still off by several cm - the shakiest of our 'working' numbers | E12: PARTIAL
A13: InterD | B13: bounce point minus impact point (how far it moved after pitching) | C13: interception_distance | D13: can't calculate this ourselves yet since it needs Bnceˣ and Imptˣ, both still missing | E13: MISSING
A14: Stmpʸ | B14: sideways position as it passes the stumps | C14: stump_y | D14: solid - within 1-4cm | E14: GOOD
... A18: Runs / Wkts | B18: what actually happened on the ball | C18: match outcome | D18: this is scorecard/commentary data, not something a ball-tracking model calculates from the video at all | E18: N/A
A20: Bottom line: the column list Santhosh was sent is exactly the same set of numbers this whole project has been trying to work out - confirms we've been building the right thing. Of the 14 real tracking numbers (excluding match bookkeeping and runs/wickets, which aren't tracking outputs at all), 5 are solid, 2 are roughly-there-but-soft, 1 is a rough estimate, 2 are genuinely easy wins we haven't gotten around to yet, and 4 are missing - all 4 of those missing ones trace back to the same one root problem: we can't yet tell how far down the pitch something is from the video alone.

Sheet Ball_Tracking
A1: clip_id | B1: frame_number | C1: time_s | D1: ball_x_px | E1: ball_y_px | F1: detection_method | G1: confidence | H1: verified_by_eye | I1: notes
A2: C5 | B2: 74 | C2: =B2/25 -> 2.96 | D2: 881 | E2: 322 | F2: trajectory-curve prediction + round-blob match, eye-verified | G2: high | H2: yes | I2: release
A3: C5 | B3: 75 | C3: =B3/25 -> 3 | D3: 887.1 | E3: 333.8 | F3: trajectory-curve prediction + round-blob match, eye-verified | G3: high | H3: yes
A4: C5 | B4: 76 | C4: =B4/25 -> 3.04 | D4: 893.3 | E4: 351.1 | F4: trajectory-curve prediction + round-blob match, eye-verified | G4: high | H4: yes
A5: C5 | B5: 77 | C5: =B5/25 -> 3.08 | D5: 898.7 | E5: 372.7 | F5: trajectory-curve prediction + round-blob match, eye-verified | G5: high | H5: yes
A6: C5 | B6: 78 | C6: =B6/25 -> 3.12 | D6: 903.9 | E6: 397.3 | F6: trajectory-curve prediction + round-blob match, eye-verified | G6: high | H6: yes
A7: C5 | B7: 79 | C7: =B7/25 -> 3.16 | D7: 909.4 | E7: 423.7 | F7: trajectory-curve prediction + round-blob match, eye-verified | G7: high | H7: yes
A8: C5 | B8: 80 | C8: =B8/25 -> 3.2 | D8: 914.9 | E8: 452.4 | F8: trajectory-curve prediction + round-blob match, eye-verified | G8: high | H8: yes
A9: C5 | B9: 81 | C9: =B9/25 -> 3.24 | D9: 920.7 | E9: 481.7 | F9: trajectory-curve prediction + round-blob match, eye-verified | G9: high | H9: yes
A10: C5 | B10: 82 | C10: =B10/25 -> 3.28 | D10: 926.6 | E10: 512.5 | F10: trajectory-curve prediction + round-blob match, eye-verified | G10: high | H10: yes
A11: C5 | B11: 83 | C11: =B11/25 -> 3.32 | D11: 933.4 | E11: 546 | F11: trajectory-curve prediction + round-blob match, eye-verified | G11: high | H11: yes
A12: C5 | B12: 84 | C12: =B12/25 -> 3.36 | D12: 939.7 | E12: 580.5 | F12: trajectory-curve prediction + round-blob match, eye-verified | G12: high | H12: yes | I12: bounce point (y direction reverses after this frame)
A13: C5 | B13: 85 | C13: =B13/25 -> 3.4 | D13: 945.4 | E13: 543.2 | F13: trajectory-curve prediction + round-blob match, eye-verified | G13: high | H13: yes
A14: C5 | B14: 87 | C14: =B14/25 -> 3.48 | D14: 957.5 | E14: 475.5 | F14: trajectory-curve prediction + round-blob match, eye-verified | G14: high | H14: yes
A15: C5 | B15: 88 | C15: =B15/25 -> 3.52 | D15: 962.5 | E15: 447.4 | F15: trajectory-curve prediction + round-blob match, eye-verified | G15: high | H15: yes
A16: C5 | B16: 89 | C16: =B16/25 -> 3.56 | D16: 966.3 | E16: 424.2 | F16: trajectory-curve prediction + round-blob match, eye-verified | G16: high | H16: yes
A17: C5 | B17: 90 | C17: =B17/25 -> 3.6 | D17: 970.4 | E17: 401.7 | F17: trajectory-curve prediction + round-blob match, eye-verified | G17: high | H17: yes | I17: near wicketkeeper - ball about to be gathered (no bat contact, per ground truth)
A18: C5 | B18: 91 | C18: =B18/25 -> 3.64 | D18: 976 | E18: 382 | F18: trajectory-curve prediction + round-blob match, eye-verified | G18: high | H18: yes | I18: near wicketkeeper - ball about to be gathered (no bat contact, per ground truth)
A20: Frame 86 skipped: ball occluded behind the bat, not visible.
A21: Tracking stops at 91: ball reaches the wicketkeeper (no bat contact per ground truth) - nothing free-flying left to track after this.
A22: Total verified points: 17 of 18 frames in range (release to keeper).
A23: C4 | B23: 93 | C23: =B23/25 -> 3.72 | D23: 825 | E23: 358 | F23: manual sub-pixel grid reading, eye-verified | G23: high | H23: yes | I23: release
A24: C4 | B24: 94 | C24: =B24/25 -> 3.76 | D24: 830 | E24: 368 | F24: manual sub-pixel grid reading, eye-verified | G24: high | H24: yes
A25: C4 | B25: 95 | C25: =B25/25 -> 3.8 | D25: 828 | E25: 397 | F25: manual sub-pixel grid reading, eye-verified | G25: high | H25: yes
A26: C4 | B26: 96 | C26: =B26/25 -> 3.84 | D26: 830 | E26: 415 | F26: manual sub-pixel grid reading, eye-verified | G26: high | H26: yes
A27: C4 | B27: 97 | C27: =B27/25 -> 3.88 | D27: 830 | E27: 442 | F27: manual sub-pixel grid reading, eye-verified | G27: high | H27: yes
A28: C4 | B28: 98 | C28: =B28/25 -> 3.92 | D28: 833 | E28: 470 | F28: manual sub-pixel grid reading, eye-verified | G28: high | H28: yes
A29: C4 | B29: 99 | C29: =B29/25 -> 3.96 | D29: 838 | E29: 508 | F29: manual sub-pixel grid reading, eye-verified | G29: high | H29: yes
A30: C4 | B30: 100 | C30: =B30/25 -> 4 | D30: 838 | E30: 553 | F30: manual sub-pixel grid reading, eye-verified | G30: high | H30: yes
A31: C4 | B31: 101 | C31: =B31/25 -> 4.04 | D31: 838 | E31: 597 | F31: manual sub-pixel grid reading, eye-verified | G31: high | H31: yes
A32: C4 | B32: 102 | C32: =B32/25 -> 4.08 | D32: 843 | E32: 630 | F32: manual sub-pixel grid reading, eye-verified | G32: high | H32: yes
A33: C4 | B33: 103 | C33: =B33/25 -> 4.12 | D33: 848 | E33: 682 | F33: manual sub-pixel grid reading, eye-verified | G33: high | H33: yes
A34: C4 | B34: 104 | C34: =B34/25 -> 4.16 | D34: 838 | E34: 730 | F34: manual sub-pixel grid reading, eye-verified | G34: high | H34: yes | I34: bounce point (local max in y)
A35: C4 | B35: 105 | C35: =B35/25 -> 4.2 | D35: 848 | E35: 693 | F35: manual sub-pixel grid reading, eye-verified | G35: high | H35: yes | I35: post-bounce, about to reach bat
A36: C4 | B36: 106 | C36: =B36/25 -> 4.24 | H36: n/a | I36: ball occluded by bat at moment of contact - not tracked

Sheet Our_Predictions
A1: clip_id | B1: pred_kph | C1: pred_release_y | D1: pred_release_z | E1: pred_bounce_x | F1: pred_bounce_y | G1: pred_impact_x | H1: pred_impact_y | I1: pred_impact_z | J1: pred_interception_distance | K1: pred_stump_y | L1: pred_stump_z | M1: pred_swing_angle | N1: pred_deviation | O1: pred_runs | P1: pred_wickets | Q1: truth_kph | R1: truth_bounce_x | S1: truth_stump_y | T1: truth_deviation | U1: truth_swing_angle | V1: truth_stump_z | W1: abs_error_kph | X1: abs_error_bounce_x | Y1: abs_error_stump_y | Z1: abs_error_deviation | AA1: abs_error_swing_angle | AB1: abs_error_stump_z | AC1: weighted_score
A2: C1 | Q2: =Ground_Truth!C2 -> 138.58 | R2: =Ground_Truth!F2 -> 8.177 | S2: =Ground_Truth!L2 -> -0.074 | T2: =Ground_Truth!O2 -> -0.09 | U2: =Ground_Truth!N2 -> 0.33 | V2: =Ground_Truth!M2 -> 0.964 | W2: =IF(OR(B2="",Q2=""),"",ABS(B2-Q2)) | X2: =IF(OR(E2="",R2=""),"",ABS(E2-R2)) | Y2: =IF(OR(K2="",S2=""),"",ABS(K2-S2)) | Z2: =IF(OR(N2="",T2=""),"",ABS(N2-T2)) | AA2: =IF(OR(M2="",U2=""),"",ABS(M2-U2)) | AB2: =IF(OR(L2="",V2=""),"",ABS(L2-V2))
A3: C2 | Q3: =Ground_Truth!C3 -> 127.96 | R3: =Ground_Truth!F3 -> 13.284 | S3: =Ground_Truth!L3 -> -0.554 | T3: =Ground_Truth!O3 -> 1.06 | U3: =Ground_Truth!N3 -> -0.62 | V3: =Ground_Truth!M3 -> 2.046 | W3: =IF(OR(B3="",Q3=""),"",ABS(B3-Q3)) | X3: =IF(OR(E3="",R3=""),"",ABS(E3-R3)) | Y3: =IF(OR(K3="",S3=""),"",ABS(K3-S3)) | Z3: =IF(OR(N3="",T3=""),"",ABS(N3-T3)) | AA3: =IF(OR(M3="",U3=""),"",ABS(M3-U3)) | AB3: =IF(OR(L3="",V3=""),"",ABS(L3-V3))
A4: C3 | Q4: =Ground_Truth!C4 -> 114.18 | R4: =Ground_Truth!F4 -> 5.286 | S4: =Ground_Truth!L4 -> 0.059 | T4: =Ground_Truth!O4 -> 1.51 | U4: =Ground_Truth!N4 -> -1.01 | V4: =Ground_Truth!M4 -> 0.64 | W4: =IF(OR(B4="",Q4=""),"",ABS(B4-Q4)) | X4: =IF(OR(E4="",R4=""),"",ABS(E4-R4)) | Y4: =IF(OR(K4="",S4=""),"",ABS(K4-S4)) | Z4: =IF(OR(N4="",T4=""),"",ABS(N4-T4)) | AA4: =IF(OR(M4="",U4=""),"",ABS(M4-U4)) | AB4: =IF(OR(L4="",V4=""),"",ABS(L4-V4))
A5: C4 | B5: 129.3 | I5: 0.136 | Q5: =Ground_Truth!C5 -> 136.69 | R5: =Ground_Truth!F5 -> 2.258 | S5: =Ground_Truth!L5 -> -0.32 | T5: =Ground_Truth!O5 -> 0.45 | U5: =Ground_Truth!N5 -> -0.16 | V5: =Ground_Truth!M5 -> 0.265 | W5: =IF(OR(B5="",Q5=""),"",ABS(B5-Q5)) -> 7.39 | X5: =IF(OR(E5="",R5=""),"",ABS(E5-R5)) | Y5: =IF(OR(K5="",S5=""),"",ABS(K5-S5)) | Z5: =IF(OR(N5="",T5=""),"",ABS(N5-T5)) | AA5: =IF(OR(M5="",U5=""),"",ABS(M5-U5)) | AB5: =IF(OR(L5="",V5=""),"",ABS(L5-V5))
A6: C5 | F6: -0.308 | K6: -0.276 | L6: 0.358 | Q6: =Ground_Truth!C6 -> 138.82 | R6: =Ground_Truth!F6 -> 3.142 | S6: =Ground_Truth!L6 -> -0.279 | T6: =Ground_Truth!O6 -> 0.04 | U6: =Ground_Truth!N6 -> 0 | V6: =Ground_Truth!M6 -> 0.292 | W6: =IF(OR(B6="",Q6=""),"",ABS(B6-Q6)) | X6: =IF(OR(E6="",R6=""),"",ABS(E6-R6)) | Y6: =IF(OR(K6="",S6=""),"",ABS(K6-S6)) -> 0.003 | Z6: =IF(OR(N6="",T6=""),"",ABS(N6-T6)) | AA6: =IF(OR(M6="",U6=""),"",ABS(M6-U6)) | AB6: =IF(OR(L6="",V6=""),"",ABS(L6-V6)) -> 0.066
A8: Fill pred_* columns once our pipeline computes each field. abs_error_* and weighted_score are formulas - do not hardcode.

Sheet Notes
A1: date | B1: note
A2: 2026-09-13 | B2: 5 official example clips + ground truth downloaded from Score Studio (console.scorestudio.ai starter pack). Confirmed real, playable MP4s.
A3: 2026-09-13 | B3: Scene-cut detection (histogram Bhattacharyya) found 3-11 camera cuts per clip - real broadcast footage, not single-camera academic clean feed.
A4: 2026-09-13 | B4: Camera-motion check (ORB+homography) confirmed the delivery segment is locked-off (no pan/zoom) in C1, C4, C5 - one calibration per clip is enough.
A5: 2026-09-13 | B5: First automatic pitch/segment detector (HSV tan-color heuristic) failed - picked wrong segment on 4/5 clips (fooled by sponsor banners/skin tone). Segment identification is being done by manual visual inspection for now.
A6: 2026-09-13 | B6: C1 (f81d092b) has a real problem: neither obvious camera segment cleanly shows the full ball flight (cut happens between run-up and post-shot).
A7: 2026-09-13 | B7: C5 (bad1530d) confirmed clean: segment frames 42-139, ball visible in flight from ~frame 74. Using this as the first full test case.
A8: 2026-09-13 | B8: Motion-based ball candidate detector (frame differencing + brightness weighting for white ball) is too noisy on C1 (140-540 candidates/frame, dominated by animated LED sponsor boards). Re-testing on C5's clean segment next.
A9: 2026-09-13 | B9: Built local pixel-to-metre calibration using the stumps own known size (height 0.711m, width ~0.267m) since crease lines are too worn/faded to see in this footage, and the visible tan patch near the stumps is just a footmark, not the true 3.05m pitch edge. Two independent estimates of scale (from stump height vs stump width) disagreed by ~25% (168.8 vs 127.3 px/m) - used the average (148 px/m) but this means roughly +/-20% uncertainty on every distance computed this way.
A10: 2026-09-13 | B10: Result for C5: bounce_y our estimate -0.44 vs official -0.33 (right direction, same order of magnitude). stump_y our estimate -0.20 vs official -0.28 (right direction, rough match). stump_z our estimate 0.05 vs official 0.29 (clear miss) - likely because our last unoccluded tracked frame (91) is still slightly short of the true stumps depth; the keeper takes the ball just after, so we never see it exactly crossing the stumps line.
A11: 2026-09-13 | B11: Still NOT computable from this single camera view: bounce_x / any distance along the pitch, release_y/z, kph, swing_angle, deviation. All of these need a second known depth reference along the pitch (e.g. visible crease lines or the far stumps) which this footage does not show - a genuine limit of one broadcast camera angle, not something more coding fixes.
A12: 2026-09-13 | B12: Redid the stump calibration properly using the exact Law 8 dimensions (stump height 0.7112m, stump spacing 0.1143m half-width) instead of a rough visual read. Height-based and width-based scale estimates now agree much better (125 vs 127 px/m, was 169 vs 127 before) - the original mismatch was our own measurement imprecision, not real camera tilt.
... A66: 2026-09-14 | B66: This isn't a quick fix - each different camera angle effectively needs its own calibration work, and edited/highlight-style footage needs a way to automatically find the right shot before we can even start tracking. Logged this honestly as a real scope item for next time rather than rushing a wrong answer through. Added a new Other_3_Clips_Attempt sheet with the details. Score_Estimate stays labelled as tested on 2 of 5 clips, not changed by this - we didn't get numbers to add for these 3 yet, just a much clearer picture of what's actually needed to get them.

Sheet Pitch_Length
A1: clip_id | B1: bounce_x_m (distance in front of batter's stumps) | C1: length_category | D1: kph | E1: source
A2: C1 | B2: 8.177 | C2: Short of a length | D2: 138.58 | E2: official answer key
A3: C2 | B3: 13.284 | C3: Short of a length | D3: 127.96 | E3: official answer key
A4: C3 | B4: 5.286 | C4: Good length | D4: 114.18 | E4: official answer key
A5: C4 | B5: 2.258 | C5: Full length | D5: 136.69 | E5: official answer key
A6: C5 | B6: 3.142 | C6: Full length | D6: 138.82 | E6: official answer key
A8: Length bands used (as given): Yorker/very full <=2m, Full 2-4m, Good 4-8m, Short >8m, measured as distance the ball pitches in front of the batter's stumps. These bands come from the official answer key's bounce_x for these 5 example clips. Working these out for a brand-new clip (no answer key) still needs us to estimate bounce_x ourselves from the video, which is the next open piece - see Notes.

Sheet Physics_Check
A1: Part 1: height purely from physics (release height + speed + gravity), no pixels at all - release to bounce
A3: clip | B3: frame | C3: predicted_height_m (physics only) | D3: note
A4: C4 | B4: 93 | C4: 2.383 | D4: release ball height + gravity drop, assuming ~16.6m release point and constant speed
A5: C4 | B5: 94 | C5: 2.245 | D5: release ball height + gravity drop, assuming ~16.6m release point and constant speed
A6: C4 | B6: 95 | C6: 2.091 | D6: release ball height + gravity drop, assuming ~16.6m release point and constant speed
A7: C4 | B7: 96 | C7: 1.921 | D7: release ball height + gravity drop, assuming ~16.6m release point and constant speed
A8: C4 | B8: 97 | C8: 1.736 | D8: release ball height + gravity drop, assuming ~16.6m release point and constant speed
A9: C4 | B9: 98 | C9: 1.535 | D9: release ball height + gravity drop, assuming ~16.6m release point and constant speed
A10: C4 | B10: 99 | C10: 1.319 | D10: release ball height + gravity drop, assuming ~16.6m release point and constant speed
A11: C4 | B11: 100 | C11: 1.086 | D11: release ball height + gravity drop, assuming ~16.6m release point and constant speed
A12: C4 | B12: 101 | C12: 0.838 | D12: release ball height + gravity drop, assuming ~16.6m release point and constant speed
A13: C4 | B13: 102 | C13: 0.575 | D13: release ball height + gravity drop, assuming ~16.6m release point and constant speed
A14: C4 | B14: 103 | C14: 0.295 | D14: release ball height + gravity drop, assuming ~16.6m release point and constant speed
A15: C4 | B15: 104 | C15: 0 | D15: release ball height + gravity drop, assuming ~16.6m release point and constant speed
A16: C4 | B16: - | C16: release ~frame 94.6 (we start tracking at 93) | D16: assumed release point 16.6m in front of batter's stumps (typical fast-bowler release, ~2.3m in front of bowling crease)
A18: Part 2: post-bounce plausibility check - what upward 'pop' speed off the pitch would explain each height number
A19: clip | B19: frame | C19: time_since_bounce_s | D19: height_m | E19: source | F19: implied_pop_up_speed_m_s
A20: C4 | B20: 105 | C20: 0.04 | D20: 0.136 | E20: our pixel-based answer | F20: 3.6
A21: C4 | B21: 105 | C21: 0.04 | D21: 0.187 | E21: true answer | F21: 4.87
A22: C5 | B22: 91 | C22: 0.28 | D22: 0.358 | E22: our pixel-based answer | F22: 2.65
A23: C5 | B23: 91 | C23: 0.28 | D23: 0.292 | E23: true answer | F23: 2.42
A25: What this means in plain terms: for the part of the flight BEFORE the ball pitches, we can work out how high it is using pure physics - release height, ball speed, and gravity - with no pixel measurement at all. This is useful because before the bounce we don't have two known ground-level points to interpolate between (we only get that trick to work AFTER the bounce, between the bounce spot and the stumps). After the bounce, physics alone can't hand us an exact height because nobody knows exactly how much 'kick' a pitch will give the ball - that's genuinely unpredictable and is exactly why batters have to watch the pitch and react. What we CAN do is a sanity check: work out what upward pitch-kick speed would be needed to produce our pixel-based number, and see if that's a normal, believable number for a cricket pitch (roughly 1.5-3.5 m/s is typical). For C5 both our answer and the true answer point to a very ordinary pop-up speed (2.4-2.7 m/s) - good agreement. For C4 both are a little higher than typical (3.6-4.9 m/s), but that check is extremely sensitive here because we're only 1 video frame (0.04s) after the bounce - a tiny timing error swings this a lot. Bottom line: physics doesn't hand us the post-bounce answer for free, but it's a good gut-check on whether our numbers are in the right ballpark, and it fully solves the pre-bounce height problem, which we had no way to answer before.

Sheet Method_Comparison
A1: Our ruler (fixed stump height) vs the paper's ruler (batsman's own height) - same math, only the ruler swapped
A3: clip | B3: frame | C3: what it measures | D3: true answer (m) | E3: our stump-ruler result (m) | F3: batsman-ruler result (m) | G3: stump error / batsman error
A4: C4 | B4: 104 | C4: sideways position where it pitches | D4: -0.36 | E4: -0.393 | F4: -0.419 | G4: 3.3cm / 5.9cm
A5: C4 | B5: 105 | C5: sideways position just before the bat | D5: -0.335 | E5: -0.343 | F5: -0.367 | G5: 0.8cm / 3.2cm
A6: C5 | B6: 84 | C6: sideways position where it pitches (anchor frame - both methods start equal here) | D6: -0.33 | E6: -0.308 | F6: -0.308 | G6: 2.2cm / 2.2cm
A7: C5 | B7: 85 | C7: sideways position right after it pitches | D7: -0.279 | E7: -0.276 | F7: -0.27 | G7: 0.3cm / 0.9cm
A9: What we tested: Santhosh downloaded the dataset behind the IEEE paper we looked at earlier, and asked us to actually try the paper's method side by side with ours rather than just talk about it. Their dataset itself only ships annotation files pointing at specific YouTube frames, not the video frames or a ready-to-run trained model, so we couldn't run their exact model on our 5 clips. What we COULD do fairly: copy their core idea - track something of a known size to work out how much the camera has zoomed in - but swap in their choice of ruler (the batsman's own height, tracked automatically with an off-the-shelf person detector) in place of ours (the stumps, which we measure by hand), with everything else in the calculation left exactly the same, and see which one lands closer to the real answer.
A10: Result: our stump ruler wins in every case, and the gap gets bigger the further the frame is from where we last checked the ruler (C4's checks are 11-12 frames from the anchor point and the batsman-ruler error roughly doubles; C5's checks are only 1 frame away and the two methods are nearly tied). This makes sense - the stumps are a fixed size by law, so once we've measured them carefully they don't wobble, but a batsman shifts stance, crouches, and lifts the bat as the ball arrives, and an automatic person-detector box jitters frame to frame - all of that noise feeds straight into the ruler and drifts further off the more frames you extrapolate across. The paper's choice isn't wrong for their situation: a fully automatic pipeline processing thousands of deliveries can't hand-measure stumps in every frame, and the batsman usually stays visible for longer since the stumps get hidden behind his own body as the camera zooms in. But for us, since we're measuring by hand anyway, sticking with the stumps was the right call.
